Opportunity Name,Brand,Search URL,Website
樂元素,樂元素,http://www.google.com/search?q=樂元素,
白馬窯業(股),白馬磁磚,http://www.google.com/search?q=白馬磁磚,
新禾科技興業(股),TOSHIBA,http://www.google.com/search?q=TOSHIBA,
勝華科技,Otali,http://www.google.com/search?q=Otali,
美津濃,美津濃,http://www.google.com/search?q=美津濃,
力霸鋁門窗,力霸,http://www.google.com/search?q=力霸,
千山淨水,千山淨水,http://www.google.com/search?q=千山淨水,
美商默沙東藥廠,納寧錠,http://www.google.com/search?q=納寧錠,
美商默沙東藥廠,美商默沙東,http://www.google.com/search?q=美商默沙東,
勳風企業,勳風,http://www.google.com/search?q=勳風,
勳風企業,冰風,http://www.google.com/search?q=冰風,
東禾生物科技(股),德國百靈,http://www.google.com/search?q=德國百靈,
北方全產品,北方,http://www.google.com/search?q=北方,
光輝生命醫學,光輝生命,http://www.google.com/search?q=光輝生命,
香港商悅動娛樂,暗黑創世神,http://www.google.com/search?q=暗黑創世神,
新台茂環球(股),台茂南崁購物中心,http://www.google.com/search?q=台茂南崁購物中心,
五洲製藥,五洲製藥,http://www.google.com/search?q=五洲製藥,
芙婷寶Femarelle,芙婷寶,http://www.google.com/search?q=芙婷寶,
愛貝克思,愛貝克思,http://www.google.com/search?q=愛貝克思,
Dr Organic,Dr Organic,http://www.google.com/search?q=Dr Organic,
高平貿易,立止癢,http://www.google.com/search?q=立止癢,
廣東製藥(股),廣東苜藥,http://www.google.com/search?q=廣東苜藥,
國農,國農鮮乳,http://www.google.com/search?q=國農鮮乳,
國農,國農羊乳,http://www.google.com/search?q=國農羊乳,
嘉聯實業(股),白人牙膏,http://www.google.com/search?q=白人牙膏,
卡滋卡滋多口味爆米花,卡滋卡滋,http://www.google.com/search?q=卡滋卡滋,
健生中醫,控八控控,http://www.google.com/search?q=控八控控,
馬玉山,馬玉山,http://www.google.com/search?q=馬玉山,
慶云生前契約,慶云生前契約,http://www.google.com/search?q=慶云生前契約,
東水西飲池上泉,東水西飲,http://www.google.com/search?q=東水西飲,
天良生物科技,天良,http://www.google.com/search?q=天良,
天良生物科技,鐵獅牌,http://www.google.com/search?q=鐵獅牌,
天良生物科技,荷蘭諾,http://www.google.com/search?q=荷蘭諾,
天良生物科技,絲丹蔻,http://www.google.com/search?q=絲丹蔻,
天良生物科技,諾得,http://www.google.com/search?q=諾得,
天文台鐘錶公司,天文台,http://www.google.com/search?q=天文台,
喜多納企業,喜多納,http://www.google.com/search?q=喜多納,
美納里尼,飛宜得,http://www.google.com/search?q=飛宜得,
香港商英維達,果蕾,http://www.google.com/search?q=果蕾,
雪印,雪印,http://www.google.com/search?q=雪印,
菲姐義大利生活館,菲姐義大利生活館,http://www.google.com/search?q=菲姐義大利生活館,
拉瑞亞,One Fresh Cup,http://www.google.com/search?q=One Fresh Cup,
雪芙蘭,雪芙蘭,http://www.google.com/search?q=雪芙蘭,
元大,元大證券,http://www.google.com/search?q=元大證券,
台灣諾華,諾鈣,http://www.google.com/search?q=諾鈣,
台灣諾華,療黴舒,http://www.google.com/search?q=療黴舒,
台灣諾華,歐治,http://www.google.com/search?q=歐治,
台灣諾華,克菸貼片,http://www.google.com/search?q=克菸貼片,
景順,景順投信,http://www.google.com/search?q=景順投信,
晶碩,晶碩光學,http://www.google.com/search?q=晶碩光學,
穆拉德,穆拉德,http://www.google.com/search?q=穆拉德,
正揚,正揚通筋,http://www.google.com/search?q=正揚通筋,
國鼎,國鼎,http://www.google.com/search?q=國鼎,
農林,比雅久,http://www.google.com/search?q=比雅久,
美吾華企業,威透甲,http://www.google.com/search?q=威透甲,
美吾華企業,百賜益,http://www.google.com/search?q=百賜益,
美吾華企業,博登藥局,http://www.google.com/search?q=博登藥局,
美吾華企業,慕之恬廊,http://www.google.com/search?q=慕之恬廊,
儀大,百事特,http://www.google.com/search?q=百事特,
金美克能,加倍,http://www.google.com/search?q=加倍,
愛德恩牛仔褲,EDWIN,http://www.google.com/search?q=EDWIN,
